Ticker,Type,File
AAPL,STOCK,AAPL_1d.csv
AAPL,STOCK,AAPL_1h.csv
AAVE-USD,CRYPTO,AAVE-USD_1h.csv
ABBV,STOCK,ABBV_1h.csv
ABNB,STOCK,ABNB_1h.csv
ABT,STOCK,ABT_1h.csv
ACI,STOCK,ACI_1h.csv
ADA-USD,CRYPTO,ADA-USD_1h.csv
ADBE,STOCK,ADBE_1h.csv
ADP,STOCK,ADP_1h.csv
ADSK,STOCK,ADSK_1h.csv
AEM,STOCK,AEM_1h.csv
AEP,STOCK,AEP_1h.csv
AFG,STOCK,AFG_1h.csv
AFL,STOCK,AFL_1h.csv
AFRM,STOCK,AFRM_1h.csv
AIG,STOCK,AIG_1h.csv
AIV,STOCK,AIV_1h.csv
AI,STOCK,AI_1h.csv
ALB,STOCK,ALB_1h.csv
ALGO-USD,CRYPTO,ALGO-USD_1h.csv
ALLY,STOCK,ALLY_1h.csv
ALL,STOCK,ALL_1h.csv
AMAT,STOCK,AMAT_1h.csv
AMC,STOCK,AMC_1h.csv
AMD,STOCK,AMD_1h.csv
AMGN,STOCK,AMGN_1h.csv
AMT,STOCK,AMT_1h.csv
AMZN,STOCK,AMZN_1h.csv
ANET,STOCK,ANET_1h.csv
AON,STOCK,AON_1h.csv
AOS,STOCK,AOS_1h.csv
APD,STOCK,APD_1h.csv
APE-USD,CRYPTO,APE-USD_1h.csv
APO,STOCK,APO_1h.csv
APP,STOCK,APP_1h.csv
ASML,STOCK,ASML_1h.csv
ATOM-USD,CRYPTO,ATOM-USD_1h.csv
AU,STOCK,AU_1h.csv
AVAX-USD,CRYPTO,AVAX-USD_1h.csv
AVGO,STOCK,AVGO_1h.csv
AXP,STOCK,AXP_1h.csv
AXS-USD,CRYPTO,AXS-USD_1h.csv
BAC,STOCK,BAC_1h.csv
BAH,STOCK,BAH_1h.csv
BBVA,STOCK,BBVA_1h.csv
BCS,STOCK,BCS_1h.csv
BEN,STOCK,BEN_1h.csv
BITF,STOCK,BITF_1h.csv
BKNG,STOCK,BKNG_1h.csv
BK,STOCK,BK_1h.csv
BLNK,STOCK,BLNK_1h.csv
BMO,STOCK,BMO_1h.csv
BNB-USD,CRYPTO,BNB-USD_1h.csv
BNDX,STOCK,BNDX_1h.csv
BOX,STOCK,BOX_1h.csv
BTC-USD,CRYPTO,BTC-USD_1h.csv
BX,STOCK,BX_1h.csv
B,STOCK,B_1h.csv
CAH,STOCK,CAH_1h.csv
CAT,STOCK,CAT_1h.csv
CB,STOCK,CB_1h.csv
CCL,STOCK,CCL_1h.csv
CDW,STOCK,CDW_1h.csv
CEG,STOCK,CEG_1h.csv
CF,STOCK,CF_1h.csv
CHWY,STOCK,CHWY_1h.csv
CLSK,STOCK,CLSK_1h.csv
CLX,STOCK,CLX_1h.csv
CL,STOCK,CL_1h.csv
CMG,STOCK,CMG_1h.csv
CNX,STOCK,CNX_1h.csv
COF,STOCK,COF_1h.csv
COIN,STOCK,COIN_1h.csv
COP,STOCK,COP_1h.csv
CORZ,STOCK,CORZ_1h.csv
COST,STOCK,COST_1h.csv
CRV-USD,CRYPTO,CRV-USD_1h.csv
CRWD,STOCK,CRWD_1h.csv
CTAS,STOCK,CTAS_1h.csv
CTSH,STOCK,CTSH_1h.csv
CVNA,STOCK,CVNA_1h.csv
CVX,STOCK,CVX_1h.csv
C,STOCK,C_1h.csv
DAVE,STOCK,DAVE_1h.csv
DBA,STOCK,DBA_1h.csv
DB,STOCK,DB_1h.csv
DD,STOCK,DD_1h.csv
DE,STOCK,DE_1h.csv
DGX,STOCK,DGX_1h.csv
DIS,STOCK,DIS_1h.csv
DKNG,STOCK,DKNG_1h.csv
DLB,STOCK,DLB_1h.csv
DOGE-USD,CRYPTO,DOGE-USD_1h.csv
DOT-USD,CRYPTO,DOT-USD_1h.csv
DOW,STOCK,DOW_1h.csv
DUK,STOCK,DUK_1h.csv
DVA,STOCK,DVA_1h.csv
DVN,STOCK,DVN_1h.csv
ELF,STOCK,ELF_1h.csv
EOG,STOCK,EOG_1h.csv
EQIX,STOCK,EQIX_1h.csv
EQNR,STOCK,EQNR_1h.csv
ETC-USD,CRYPTO,ETC-USD_1h.csv
ETH-USD,CRYPTO,ETH-USD_1h.csv
EXPE,STOCK,EXPE_1h.csv
FCX,STOCK,FCX_1h.csv
FDX,STOCK,FDX_1h.csv
FFIV,STOCK,FFIV_1h.csv
FIL-USD,CRYPTO,FIL-USD_1h.csv
FIZZ,STOCK,FIZZ_1h.csv
FMC,STOCK,FMC_1h.csv
FOXA,STOCK,FOXA_1h.csv
FOX,STOCK,FOX_1h.csv
FTNT,STOCK,FTNT_1h.csv
FUTU,STOCK,FUTU_1h.csv
FVRR,STOCK,FVRR_1h.csv
GDDY,STOCK,GDDY_1h.csv
GDX,STOCK,GDX_1h.csv
GE,STOCK,GE_1h.csv
GFI,STOCK,GFI_1h.csv
GILD,STOCK,GILD_1h.csv
GIS,STOCK,GIS_1h.csv
GLD,STOCK,GLD_1h.csv
GM,STOCK,GM_1h.csv
GOLD,STOCK,GOLD_1d.csv
GOOGL,STOCK,GOOGL_1h.csv
GOOG,STOCK,GOOG_1h.csv
GSK,STOCK,GSK_1h.csv
GS,STOCK,GS_1h.csv
GTLB,STOCK,GTLB_1h.csv
HBAN,STOCK,HBAN_1h.csv
HD,STOCK,HD_1h.csv
HMY,STOCK,HMY_1h.csv
HON,STOCK,HON_1h.csv
HOOD,STOCK,HOOD_1h.csv
HUT,STOCK,HUT_1h.csv
ICL,STOCK,ICL_1h.csv
ICP-USD,CRYPTO,ICP-USD_1h.csv
IDXX,STOCK,IDXX_1h.csv
IEF,STOCK,IEF_1h.csv
ING,STOCK,ING_1h.csv
INTC,STOCK,INTC_1h.csv
IONQ,STOCK,IONQ_1h.csv
IREN,STOCK,IREN_1h.csv
IRM,STOCK,IRM_1h.csv
ISRG,STOCK,ISRG_1h.csv
ITW,STOCK,ITW_1h.csv
IT,STOCK,IT_1h.csv
IVZ,STOCK,IVZ_1h.csv
JANX,STOCK,JANX_1h.csv
JD,STOCK,JD_1h.csv
JNJ,STOCK,JNJ_1h.csv
JOBY,STOCK,JOBY_1h.csv
JPIN,STOCK,JPIN_1h.csv
JPM,STOCK,JPM_1h.csv
KEY,STOCK,KEY_1h.csv
KHC,STOCK,KHC_1h.csv
KKR,STOCK,KKR_1h.csv
KMB,STOCK,KMB_1h.csv
KO,STOCK,KO_1h.csv
KR,STOCK,KR_1h.csv
LINK-USD,CRYPTO,LINK-USD_1h.csv
LI,STOCK,LI_1h.csv
LLY,STOCK,LLY_1d.csv
LLY,STOCK,LLY_1h.csv
LMND,STOCK,LMND_1h.csv
LMT,STOCK,LMT_1h.csv
LOW,STOCK,LOW_1h.csv
LTC-USD,CRYPTO,LTC-USD_1h.csv
LULU,STOCK,LULU_1h.csv
LUV,STOCK,LUV_1h.csv
LVS,STOCK,LVS_1h.csv
LW,STOCK,LW_1h.csv
LYB,STOCK,LYB_1h.csv
LYV,STOCK,LYV_1h.csv
MANA-USD,CRYPTO,MANA-USD_1h.csv
MARA,STOCK,MARA_1h.csv
MAR,STOCK,MAR_1h.csv
MATIC-USD,CRYPTO,MATIC-USD_1h.csv
MA,STOCK,MA_1h.csv
MCD,STOCK,MCD_1h.csv
MCO,STOCK,MCO_1h.csv
MELI,STOCK,MELI_1h.csv
META,STOCK,META_1h.csv
MFC,STOCK,MFC_1h.csv
MKC,STOCK,MKC_1h.csv
MKR-USD,CRYPTO,MKR-USD_1h.csv
MMC,STOCK,MMC_1h.csv
MMM,STOCK,MMM_1h.csv
MNST,STOCK,MNST_1h.csv
MRK,STOCK,MRK_1h.csv
MSCI,STOCK,MSCI_1h.csv
MSFT,STOCK,MSFT_1h.csv
MSI,STOCK,MSI_1h.csv
MSTR,STOCK,MSTR_1h.csv
MS,STOCK,MS_1h.csv
MTB,STOCK,MTB_1h.csv
MU,STOCK,MU_1h.csv
NDAQ,STOCK,NDAQ_1h.csv
NEAR-USD,CRYPTO,NEAR-USD_1h.csv
NEE,STOCK,NEE_1h.csv
NEM,STOCK,NEM_1h.csv
NFLX,STOCK,NFLX_1h.csv
NLY,STOCK,NLY_1h.csv
NRG,STOCK,NRG_1h.csv
NTES,STOCK,NTES_1h.csv
NUE,STOCK,NUE_1h.csv
NU,STOCK,NU_1h.csv
NVDA,STOCK,NVDA_1h.csv
NVO,STOCK,NVO_1h.csv
NVS,STOCK,NVS_1h.csv
OMC,STOCK,OMC_1h.csv
OPEN,STOCK,OPEN_1h.csv
OXY,STOCK,OXY_1h.csv
O,STOCK,O_1h.csv
PAXG-USD,CRYPTO,PAXG-USD_1h.csv
PAYC,STOCK,PAYC_1h.csv
PAYX,STOCK,PAYX_1h.csv
PGR,STOCK,PGR_1h.csv
PG,STOCK,PG_1h.csv
PINS,STOCK,PINS_1h.csv
PLD,STOCK,PLD_1h.csv
PLTR,STOCK,PLTR_1h.csv
PM,STOCK,PM_1h.csv
PPG,STOCK,PPG_1h.csv
PRU,STOCK,PRU_1h.csv
PSA,STOCK,PSA_1h.csv
PSEC,STOCK,PSEC_1h.csv
PUK,STOCK,PUK_1h.csv
QCOM,STOCK,QCOM_1h.csv
RACE,STOCK,RACE_1h.csv
RCL,STOCK,RCL_1h.csv
RIOT,STOCK,RIOT_1h.csv
RJF,STOCK,RJF_1h.csv
RTX,STOCK,RTX_1h.csv
RYAAY,STOCK,RYAAY_1h.csv
RY,STOCK,RY_1h.csv
SAND-USD,CRYPTO,SAND-USD_1h.csv
SAN,STOCK,SAN_1h.csv
SBSW,STOCK,SBSW_1h.csv
SCCO,STOCK,SCCO_1h.csv
SCHW,STOCK,SCHW_1h.csv
SEZL,STOCK,SEZL_1h.csv
SHY,STOCK,SHY_1h.csv
SLV,STOCK,SLV_1h.csv
SMCI,STOCK,SMCI_1h.csv
SNX-USD,CRYPTO,SNX-USD_1h.csv
SOFI,STOCK,SOFI_1h.csv
SOL-USD,CRYPTO,SOL-USD_1h.csv
SONY,STOCK,SONY_1h.csv
SOUN,STOCK,SOUN_1h.csv
SO,STOCK,SO_1h.csv
SPGI,STOCK,SPGI_1h.csv
SPG,STOCK,SPG_1h.csv
SPY,STOCK,SPY_1d.csv
STM,STOCK,STM_1h.csv
TCPC,STOCK,TCPC_1h.csv
TD,STOCK,TD_1h.csv
TJX,STOCK,TJX_1h.csv
TLT,STOCK,TLT_1d.csv
TLT,STOCK,TLT_1h.csv
TMO,STOCK,TMO_1h.csv
TM,STOCK,TM_1h.csv
TPR,STOCK,TPR_1h.csv
TRI,STOCK,TRI_1h.csv
TROW,STOCK,TROW_1h.csv
TRX-USD,CRYPTO,TRX-USD_1h.csv
TSCO,STOCK,TSCO_1h.csv
TSLA,STOCK,TSLA_1h.csv
TSM,STOCK,TSM_1d.csv
TSM,STOCK,TSM_1h.csv
TWLO,STOCK,TWLO_1h.csv
TXN,STOCK,TXN_1h.csv
UBER,STOCK,UBER_1h.csv
ULTA,STOCK,ULTA_1h.csv
UNH,STOCK,UNH_1h.csv
UNI-USD,CRYPTO,UNI-USD_1h.csv
UNP,STOCK,UNP_1h.csv
UPST,STOCK,UPST_1h.csv
UPWK,STOCK,UPWK_1h.csv
USB,STOCK,USB_1h.csv
UUP,STOCK,UUP_1h.csv
VET-USD,CRYPTO,VET-USD_1h.csv
VNQ,STOCK,VNQ_1h.csv
VST,STOCK,VST_1h.csv
VTIP,STOCK,VTIP_1h.csv
V,STOCK,V_1h.csv
WFC,STOCK,WFC_1h.csv
WMG,STOCK,WMG_1h.csv
WMT,STOCK,WMT_1h.csv
WM,STOCK,WM_1h.csv
WPM,STOCK,WPM_1h.csv
WSM,STOCK,WSM_1h.csv
WULF,STOCK,WULF_1h.csv
WU,STOCK,WU_1h.csv
XLF,STOCK,XLF_1h.csv
XLM-USD,CRYPTO,XLM-USD_1h.csv
XLP,STOCK,XLP_1h.csv
XOM,STOCK,XOM_1h.csv
XPEV,STOCK,XPEV_1h.csv
XRP-USD,CRYPTO,XRP-USD_1h.csv
ZTS,STOCK,ZTS_1h.csv
